volume_base,pH
0,1
1,1.017
2,1.035
3,1.052
4,1.07
5,1.087
6,1.105
7,1.122
8,1.14
9,1.158
10,1.176
11,1.194
12,1.213
13,1.231
14,1.25
15,1.269
16,1.288
17,1.308
18,1.327
19,1.347
20,1.368
21,1.389
22,1.41
23,1.432
24,1.454
25,1.477
26,1.501
27,1.525
28,1.55
29,1.575
30,1.602
31,1.63
32,1.659
33,1.689
34,1.72
35,1.753
36,1.788
37,1.826
38,1.865
39,1.908
40,1.954
41,2.005
42,2.061
43,2.123
44,2.195
45,2.279
46,2.38
47,2.51
48,2.69
49,2.996
50,7
51,10.996
52,11.292
53,11.464
54,11.585
55,11.678
56,11.753
57,11.816
58,11.87
59,11.917
60,11.959
61,11.996
62,12.03
63,12.061
64,12.089
65,12.115
66,12.14
67,12.162
68,12.183
69,12.203
70,12.222
71,12.239
72,12.256
73,12.272
74,12.287
75,12.301
76,12.315
77,12.328
78,12.34
79,12.352
80,12.363
81,12.374
82,12.385
83,12.395
84,12.404
85,12.414
86,12.423
87,12.431
88,12.44
89,12.448
90,12.456
91,12.464
92,12.471
93,12.478
94,12.485
95,12.492
96,12.498
97,12.505
98,12.511
99,12.517
100,12.523
